channel_id,channel_title,channel_description,published_at,country,total_views,subscriber_count,video_count,processed_at,created_at,title,tier_category,uploads_playlist_id,last_checked_at
UC_BPD0TBnFtRExZOhIFEQYQ,BlaZe 92," Welcome to BlaZe 92 – A channel for everything Grand Theft Auto, Red Dead Redemption and open-world gaming!

This channel is known for epic GTA evolutions, gameplay comparisons, and detailed guides on open world games! We explore the hidden features, graphics, physics, and Easter eggs in the GTA series—including GTA 5, GTA San Andreas, Vice City, GTA 3, GTA IV, and the highly anticipated GTA VI.

We create engaging GTA and RDR shorts, ""what happens if"" scenarios, game logic breakdowns, and detailed side-by-side graphics comparisons of top-rated open-world games. Whether it's GTA evolution, GTA mods, funny moments, or GTA comparisons, we’ve got it all covered.

🔔 Subscribe now for regular content on:

GTA Evolution videos,
GTA 6 features,
Open-world game comparisons,
GTA and RDR 2 shorts & viral GTA content!

Hope you enjoy the videos. Thanks for watching — and as always, happy gaming!
",2017-11-27T10:40:01Z,LK,242758210,587000,627,2026-07-25 18:31:37.305947+00,2026-07-25 18:31:37.305947+00,BlaZe 92,20.0,UU_BPD0TBnFtRExZOhIFEQYQ,
UC_wCgvTythKNffDZ0IQNvYQ,Small Town Tech Solutions LLC,,2026-05-23T22:18:50.065362Z,Unknown,3,0,3,2026-07-25 18:31:37.305947+00,2026-07-25 18:31:37.305947+00,Small Town Tech Solutions LLC,28.0,UU_wCgvTythKNffDZ0IQNvYQ,
UC-ss1l2vO46QAgyCsPRIVDA,NAVA SPEAKS,"Welcome to Nava Speaks the official secondary channel of Nava Speaks. If anything, ever happens to my main channel, this is where we'll stay connected and share updates. Be sure to SUBSCRIBE HERE NOW so we never lose touch. Thanks for your support !!!",2021-10-21T22:50:08.020627Z,US,300197,1780,1293,2026-07-25 18:31:37.305947+00,2026-07-25 18:31:37.305947+00,NAVA SPEAKS,27.0,UU-ss1l2vO46QAgyCsPRIVDA,
UC0CXMeU0432EMgBnlBaY_yA,DP Education - ගණිතය,"About Us
Dhammika & Priscilla Foundation is a private charitable organization focused on providing free quality education and healthcare facilities for all. DP Education is the digital learning platform that delivers the Foundation's vision of equal access to world-class free digital learning and healthcare in accelerating human capability development that leads to poverty alleviation.
DP Education Sinhala medium YouTube channel has all subjects that are taught in Sinhala language. 

Vision
We provide equal access to world-class digital learning, and healthcare facilities to develop  human capability to eliminate poverty.

Mission
Dedicated to transform learning and teaching experiences through free online education, best-in-class teachers, and the development of education infrastructure.

Leadership 
The Foundation is led under the direction of the Founder & Chairman Mr. Dhammika Perera.


",2019-10-18T04:11:05.559491Z,LK,116053159,925000,3276,2026-07-25 18:31:37.305947+00,2026-07-25 18:31:37.305947+00,DP Education - ගණිතය,27.0,UU0CXMeU0432EMgBnlBaY_yA,
UC0PdkCm3QlHJ8HdH4JeNirA,YAKA MAN,"🇱🇰 No : 01 Mobile Game Play Channel ( Sinhala ) 🇱🇰 

Hello I'm YAKA-MAN 😉 I Play Mobile Games Mostly Play Horror Games But I'm Not Limited to Them. I Also Try Out Various Other Mobile Games.

❤️ COME AND WELCOME TO MY WORLD ❤️

Video Upload Time 
                
               ⏰Friday 4 pm ( SL Time )",2020-10-20T10:16:10.659763Z,LK,64771529,397000,376,2026-07-25 18:31:37.305947+00,2026-07-25 18:31:37.305947+00,YAKA MAN,20.0,UU0PdkCm3QlHJ8HdH4JeNirA,
UC1Q3UfVjchyhbtyJXc_mu5w,Channel C,"🌐 Channel C is always with the Artists and all Artists are with Channel C...Come join us…Be a part of Channel C...❤❤❤

Channel C deals with Cinema, Art, Style, Talents as well as Universal Music. It provides prodigious knowledge, solicits various measures to enhance talents, gives wide range of entertainment and information…creates uniqueness in everything that comes its way!

Therefore it is more than Music.. Channel C is Sri Lankan tradition of universal Music it is coloured with new new inventions while imbibing traditional touch, changes, new outlooks, reverberate while remaining Sri Lankan, Traditionally Sri Lankan!! You’ll visualize dazzling scenery embedded in new technology…all that you see it brilliantly wonderful and tantalizing!
Channel C is always with the Artists and all Artists are with Channel C.
Come join us… be a part of Channel C...❤❤❤

🔴 Channel C Sri Lanka's No 1 Youth Music Channel..

",2013-01-03T04:48:15Z,LK,382043979,1280000,7834,2026-07-25 18:31:37.305947+00,2026-07-25 18:31:37.305947+00,Channel C,24.0,UU1Q3UfVjchyhbtyJXc_mu5w,
UC2Wq8OiU3P9sSRxHpFEe_0Q,ASHAN online,"Follow Our Day to Day Life Journey.
Thanks For Watching Us !
",2018-03-25T18:24:37Z,LK,24011683,390000,282,2026-07-25 18:31:37.305947+00,2026-07-25 18:31:37.305947+00,ASHAN online,22.0,UU2Wq8OiU3P9sSRxHpFEe_0Q,
UC3C6rQHX8pkjSyOm-620k3w,Marvel Tech,"Greetings! Welcome to the Marvel Tech channel. 

The primary focus of this channel is to provide information and insights into agricultural machinery, construction equipment, tools, cutting-edge technologies, innovative inventions, and notable projects. 

For any inquiries or questions, please feel free to contact us at marveltech78@gmail.com. We value your feedback and are committed to assisting you in any way we can.
",2021-01-15T18:40:02.524763Z,LK,26617994,1860000,415,2026-07-25 18:31:37.305947+00,2026-07-25 18:31:37.305947+00,Marvel Tech,28.0,UU3C6rQHX8pkjSyOm-620k3w,
UC4UaWbUUwVvCxWNqhb4f16Q,Apé Amma,"3.3 Million subscribers and 620 million people watched and learned Sri lankan cooking. I'm a 67 years old 'first class' trained graduate Home science teacher, I started this channel to share Sri lankan & International healthy & tasty recipes, using the experience gained throughout my life being a teacher. I'll be sharing not only Sri Lankan recipes but also other recipes that are close to Sri Lankan's taste buds, and about medicinal ayurvedic plants that cure many non communicable diseases. Thank you! Ape Amma
සබ්ස්ක්‍රයිබර්ස් මිලියන 3.3යි. මිලියන 620ක් නරඹා උයන්න ඉගෙන ගත් චැනලය. ශ්‍රී ලංකා රජයේ ගුරු සේවය(ɪ) ගුරුවරියක් වන මා පාසලේ පන්ති කාමරයෙන් ඔබ්බට ගොස් අන්තර්ජාලය ඔස්සේ ඔබේ නිවසට පැමිනෙණ්නේ මගේ ගුරු ජීවිතයේ වගේම ළමා කාලයේ සිට මෙතෙක් මා ලැබු අත්දැකීම්, දැනුම, ආකල්ප කුසලතා ඹබ සමග බෙදා ගන්නයි. 'ශ්‍රී ලංකිකයන්ගේ දිවට හුරු' වෙනත් රටවල් වල ආහාරත්, ආයුර්වේද ඖෂධ සහ පැලෑටි ගැනත් මෙම චැනල් එකෙන් කියලා දෙනවා.මම හිතනවා ශ්‍රී ලාංකිකයන්ට මගේ චැනල් එක අලුත් අත්දැකීමක් වෙයි කියලා.ස්තුතියි!
",2016-04-15T18:11:33Z,LK,629160331,3330000,2796,2026-07-25 18:31:37.305947+00,2026-07-25 18:31:37.305947+00,Apé Amma,22.0,UU4UaWbUUwVvCxWNqhb4f16Q,
UC5216enGX_-P4fTk9nPG9UQ,Trend Review Studio,"Fashion Trend Review Studio! We strive to focus on luxury lifestyle and high-fashion trends.

Ever wondered about the hidden marketing tricks behind high-fashion dresses? Or how to select the perfect luxury dress for weddings, exclusive parties, and outdoor events? We cover it! Through our unique fashion review commentary and studio podcasts, we dive deep into the economics of style and the aesthetics of designer runway looks.

Explore with us:
• The Hidden Marketing Tricks of High-Fashion Dresses: Understanding the business behind the beauty.
• Styling Tips & Tricks: How to select the top dresses for any occasion (indoor, outdoor, weddings, and parties).
• Visual Style Analysis: High-fashion shoot commentary and modern trend reviews.
• The Luxury Lifestyle: Insights from your dedicated fashion and lifestyle explorers on YT.

Whether you are a style enthusiast looking for the latest dressing tips or someone curious about the business of luxury apparel, you will find real value here.
",2017-02-02T08:21:57Z,LK,580530,5060,1,2026-07-25 18:31:37.305947+00,2026-07-25 18:31:37.305947+00,Trend Review Studio,25.0,UU5216enGX_-P4fTk9nPG9UQ,
UC6lDrxy3lS4LNRuuBtryqpQ,M.R kitchen,"Hi,
Im Madu Rajapaksha. This is my effort to bring you the method of delicious food in an easy way with less time and I make local food without artificial flavors.",2019-08-23T18:31:03Z,LK,406683045,2260000,872,2026-07-25 18:31:37.305947+00,2026-07-25 18:31:37.305947+00,M.R kitchen,22.0,UU6lDrxy3lS4LNRuuBtryqpQ,
UC7301rstHsGPohgeR_kh8Pw,ILV Arts,"Hi Friends...Welcome to my Channel ILV Arts [ Art channel ] for art Learners and beginners of Drawing, sculpting, Shading, Sketching & Painting : Learn and how to draw, sketch ,shade and paint, to improve your Art skills & ideas on essential techniques...all the best for your learning skills... 


Please SUBSCRIBE and tap the BELL icon to get latest art videos...Thank you...
",2024-04-12T03:15:40.665484Z,LK,21408,1150,107,2026-07-25 18:31:37.305947+00,2026-07-25 18:31:37.305947+00,ILV Arts,26.0,UU7301rstHsGPohgeR_kh8Pw,
UC7hqTC-ChL-_PUKhctTt50A,Trip Pisso,"Travel Vloggers, “Trip Pisso” take you around Sri Lanka in our weekly video series. We Create High Quality and excellent videos to reveal the incredible Beauty & Value of our country.
New Uploads on Weekends.

Contact us on Facebook : https://www.facebook.com/trippisso
Email: hello@trippisso.com",2016-01-29T11:26:55Z,LK,45435771,451000,188,2026-07-25 18:31:37.305947+00,2026-07-25 18:31:37.305947+00,Trip Pisso,19.0,UU7hqTC-ChL-_PUKhctTt50A,
UC8irIP66QzlZNVgqe4vwN9g,MADU MEE,"Ayubowan! Hello, Music lovers are welcome to my channel, I am always here to share with you all that I know about music, So I invite you to join me. My name is Nethum Madushan. ",2020-02-11T08:20:51.731189Z,LK,1698879792,1910000,448,2026-07-25 18:31:37.305947+00,2026-07-25 18:31:37.305947+00,MADU MEE,10.0,UU8irIP66QzlZNVgqe4vwN9g,
UC92h2ZVbLNazWe038DnzIUA,anan man අනං මනං,"ලොව්තුරා බුදුන් වහන්සේ විසින් දේශනා කර වදාළ උතුම් විශ්වයේ ආශිර්වාදය ලැබෙන මහානුභාව සම්පන්න පිරිත් දේශනා ශ්‍රවනය කරන්න දිනපතා  පිවිසෙන්න...balangoda Dhammananda thero ...
Daily pirith chanting 
Balagathu pirith 
Seth pirith 
Pirith suthraya 
Pirith dheshana 
Mahanubawa sampanna pirith 
Sinhala pirith 
Maha pirith 
Pali pirith 
Udasana pirith 
Sawasa pirith 
rathri pirith 
Thun suthraya 
Bodhi puja 
Puja
Kavi
maithree Bhawanawa 
All meditations 
Buddhanussathi bhawanawa 
පිරිත් දේශනා යනු සෑම අතින්ම ආරක්ෂා සම්පත්තිය උදා කරන බලගතු දේශනා ක්‍රමයකි ...ඔබ හැම දෙනාටම තෙරුවන් සරණයි ! මේ උත්තරීතර විශ්වයේ අපරිමාන ආශිර්වාදය සැම දෙනාට ලැබේවා ! විශ්වයට අනේක වාරයක් ස්තුතිය ලැබේවා !",2020-08-16T20:42:31.046441Z,Unknown,6969026,63900,201,2026-07-25 18:31:37.305947+00,2026-07-25 18:31:37.305947+00,anan man අනං මනං,22.0,UU92h2ZVbLNazWe038DnzIUA,
UC9U2IYFVPd-Hl6zAeZQL7eQ,DH TECH SHOW,"වෙනස් වන තාක්ෂණ තොරතුරු දන්න සින්හලෙන් ම දැනගන්න මගේ youtube channel එක subscribe කරලා එකතු වෙන්න 
...............................................................
...............................................................
...............................................................
...............................................................
...............................................................
THANK YOU",2018-07-21T13:46:32Z,LK,3938,590,21,2026-07-25 18:31:37.305947+00,2026-07-25 18:31:37.305947+00,DH TECH SHOW,22.0,UU9U2IYFVPd-Hl6zAeZQL7eQ,
UC9ZdXR-RYydFqdIb1lqM4LQ,Travel to Travel Sri Lanka,Travel Life..,2011-09-08T04:06:29Z,LK,423726,4570,77,2026-07-25 18:31:37.305947+00,2026-07-25 18:31:37.305947+00,Travel to Travel Sri Lanka,19.0,UU9ZdXR-RYydFqdIb1lqM4LQ,
UCAapm4DhqB5ckqr61IGdTUw,Red-sensei,"Welcome to my Channel, names ""Red sensei"". 

Votes
1 minute = 5k+ votes 
10 minutes =  30k+ votes 
1 Hour = 200k+ votes
10 hours = 700k+ votes
20 Hours = 900k+ votes 
1 Day = 2mil+ votes
2 Days = 3.5mil+ votes 

Want to be in the gang then :

╔═╦╗╔╦╗╔═╦═╦╦╦╦╗╔═╗
║╚╣║║║╚╣╚╣╔╣╔╣║╚╣═╣ 
╠╗║╚╝║║╠╗║╚╣║║║║║═╣
╚═╩══╩═╩═╩═╩╝╚╩═╩═╝

Goal : End of the year 100k subscribers !!
Subscribe to see awesome content and be a part of the red sensei fam.

Here's a cookie if you subscribe !!!!!! 
🍪🍪🍪🍪🍪🍪🍪🍪🍪🍪


",2021-01-30T10:56:30.965383Z,LK,264451,91200,173,2026-07-25 18:31:37.305947+00,2026-07-25 18:31:37.305947+00,Red-sensei,22.0,UUAapm4DhqB5ckqr61IGdTUw,
UCaRBojHlDl24Tzh6Vt6dihQ,Malix Bro,"🌟 Welcome to the Official Malix Bro YouTube Channel! 🌟

Hey, I’m Malix Bro, and this is your go-to place for all things gaming, entertainment, and fun! Whether you're here for epic game play, live streams, or just a good laugh, there’s something for everyone.

🎮 What You’ll Find Here:

    Action-packed game play & walkthroughs

    Engaging live streams and Q&A sessions

    Entertaining shorts and highlights

    Tips, tricks, and behind-the-scenes content

💥 Join the Malix Bro Crew! Hit that SUBSCRIBE button and become part of an awesome community! Drop a like, leave a comment, and don’t forget to share the channel with your friends. The more, the merrier!

🔔 Stay tuned for regular updates and exciting new videos. Let’s level up together and make this journey unforgettable! 🚀",2020-11-08T16:13:16.369356Z,LK,1939459,10300,1109,2026-07-25 18:31:37.305947+00,2026-07-25 18:31:37.305947+00,Malix Bro,20.0,UUaRBojHlDl24Tzh6Vt6dihQ,
UCBR9iW2qo_7LP9_9u3A2ZeQ,Gaming Sadu,"My name is Pattiyage Sandun Dilakshan Silva AKA Gaming Sadu. I was born on January 25, 2001 in Negombo, Sri Lanka. 

Since I was a child, one of my favorite hobbies were playing video games and had a passion for Gaming for as long as I can remember. 

I entered the Gaming Video Creator platform in 2020. 
My favorite game I like to play constantly is free fire 💪

More than 3 years have passed,

I’m so happy to say that I had the privilege of becoming an Official Garena Free Fire Partner🤞(V Badge)
 🔴Facebook 425K+
 🔴YouTube 275K+
 🔴TikTok 275K+

I stream everyday of the week where you can tune in and support me👍

I’ve also been currently included among the top streamers in Sri Lanka


",2020-04-17T06:33:13.928757Z,LK,24908424,360000,1582,2026-07-25 18:31:37.305947+00,2026-07-25 18:31:37.305947+00,Gaming Sadu,20.0,UUBR9iW2qo_7LP9_9u3A2ZeQ,
UCc8W1zUTmtNqXIhOHxPIAuw,Akalanka Ekanayake,"Our mission is to create lessons worth sharing – to feed and expand your curiosity! Our channel explores the latest in technology, artificial intelligence, programming, and coding. With in-depth tutorials, step-by-step guides, and insights into groundbreaking tools, we’re here to keep you at the forefront of the tech world.

Beyond tech, we share short reaction videos highlighting uplifting acts of humanity, inspiring us all to work toward a kinder, better world. Join us in learning, growing, and making a difference!

Subscribe and become part of a community dedicated to knowledge, innovation, and positive impact.
",2021-08-05T20:00:53.907347Z,LK,2038760,1920000,155,2026-07-25 18:31:37.305947+00,2026-07-25 18:31:37.305947+00,Akalanka Ekanayake,27.0,UUc8W1zUTmtNqXIhOHxPIAuw,
UCCK3OZi788Ok44K97WAhLKQ,Ada Derana,"In the highly competitive news broadcasting space, Derana has built probably the most unbiased and comprehensive news property on offer “Ada Derana” – with a news team geared to deliver the most accurate and timely information. Ada Derana is recognized as the number one News Brand among Sri Lankans in terms of loyalty and viewership by reaching them through every possible opportunity.
",2014-10-07T06:22:16Z,LK,2598425904,3870000,182769,2026-07-25 18:31:37.305947+00,2026-07-25 18:31:37.305947+00,Ada Derana,25.0,UUCK3OZi788Ok44K97WAhLKQ,
UCckltLEhFLv8Xz_lQhYfwmg,Hiru News,"Hiru News YouTube - Premier No 1 news channel in Sri Lanka for accurate and timely news-  www.hirunews.lk - 'when it happens' & 'as it happens' with creative and distinctive content to inform, educate entertain and add value to you, our audience. ""Truth at all costs"" - Truth because we care and Truth because you deserve it.
",2016-01-12T11:22:32Z,LK,2732879038,3770000,166713,2026-07-25 18:31:37.305947+00,2026-07-25 18:31:37.305947+00,Hiru News,25.0,UUckltLEhFLv8Xz_lQhYfwmg,
UCcpCelkp30ukU3ZKUXsU25g,Music Bar,"200K Subscribers
Well Come Our Chanel - Form this chanel you can watch very special Music Filed things in sri lanka.pls joint with us



▶ Contract Music Bar: 076 261 7031
▶Subscribe Media Bar YouTube Channel : @musicbarlk
▶ Like us on Facebook : https://www.facebook.com/musicbarlk/
▶ Follow  us on Instagram: https://www.instagram.com/musicbarlk/
▶ Follow us on Tiktok: https://www.tiktok.com/@media.bar?lang=en
▶ Email: musicbarlk@gmail.com

Our Other Channel -
▶ Music Bar : @musicbartv
▶ Supun Vlogs : @supunvlogs-lk


",2012-05-23T16:38:07Z,LK,22569292,170000,144,2026-07-25 18:31:37.305947+00,2026-07-25 18:31:37.305947+00,Music Bar,24.0,UUcpCelkp30ukU3ZKUXsU25g,
UCcrktZCp1tY9eDqrk6fMrsA,Riddle Quiz 804,"
Welcome to the Ultimate Riddle Quiz Challenge!
Think you're smart enough to solve these mind-bending riddles? Test your brainpower with our fun and tricky riddle quiz! Perfect for all ages — play alone or challenge your friends and family.

What's inside:

10+ brain-teasing riddles

Fun and interactive questions

Answers with explanations


Don't forget to:
Like, Comment, and Subscribe for more brain games and quizzes!

Ready to put your thinking cap on? Let’s see how many you can get right!

",2025-05-06T15:37:12.279604Z,PK,6650947,37800,198,2026-07-25 18:31:37.305947+00,2026-07-25 18:31:37.305947+00,Riddle Quiz 804,24.0,UUcrktZCp1tY9eDqrk6fMrsA,
UCd3VsafChPVXeIufCAzCprA,Art with Shyami,"Hello, My name is Shyamali. I'm an artist. I love arts. In my arts, I focus more on realism and Digital arts. Here on my Channel you will find Arts and Sketches In digital platform of Procreate, Which I used to draw on iPad Pro 12.9 with Apple Pencil 2.

If you are interested on my Videos, Please don't forget to Subscribe and Like on my Channel.

Digitally Design arts will make  you more inspired and motivated.

Hope you like it.......

Thanks for watching my channel.......",2020-04-06T07:57:37.604466Z,LK,163209,3580,80,2026-07-25 18:31:37.305947+00,2026-07-25 18:31:37.305947+00,Art with Shyami,27.0,UUd3VsafChPVXeIufCAzCprA,
UCDdPJHmxHCJLH1sDyytCATw,Chef RV Manabat,,2012-09-21T07:44:58Z,Unknown,419928624,2310000,719,2026-07-25 18:31:37.305947+00,2026-07-25 18:31:37.305947+00,Chef RV Manabat,22.0,UUDdPJHmxHCJLH1sDyytCATw,
UCDm4BW0Q5d-zASSuRyvPGXw,Wishma Lokaya,"Hey peeps, If you're in search of a cyber knowledge bar to get yourself stock up on different flavors, we got the best recipes and menu to serve with your desired taste from the widest array.  Bringing you the right mix of scientific discoveries, space exploration, Health & Fitness , Tech Videos , Relationship Tips , Mysteries of the world and all these at your fingertips with high quality virtual/visual effects. 

Our community is rich with over 2,300,000 members & growing all with knowledge tasters. 

Let us quench your thirst while tingling your taste buds with every drop you sip from our amazing blends, which you may find yourself lacking.

Contact Us -  0703978326 / 0702190209
",2016-07-01T05:02:36Z,LK,388322453,2780000,2096,2026-07-25 18:31:37.305947+00,2026-07-25 18:31:37.305947+00,Wishma Lokaya,22.0,UUDm4BW0Q5d-zASSuRyvPGXw,
UCDO8zlJiV9ZgaMMK2DyX1Dw,BILLA LITE,contact - billa.partnership@gmail.com,2023-05-10T15:36:02.427996Z,LK,11649029,181000,178,2026-07-25 18:31:37.305947+00,2026-07-25 18:31:37.305947+00,BILLA LITE,17.0,UUDO8zlJiV9ZgaMMK2DyX1Dw,
UCdTL_n9uC2_DlLX7ohcKpVQ,MrShan Vlog,"132K+ 𝗦𝘂𝗯𝘀𝗰𝗿𝗶𝗯𝗲𝗿𝘀 | 𝗪𝗲𝗹𝗰𝗼𝗺𝗲 𝗧𝗼 𝗠𝗿𝘀𝗵𝗮𝗻𝘃𝗹𝗼𝗴

Step into the vibrant world of 𝗕𝗧𝗦 𝘃𝗶𝗯𝗲𝘀, creative 𝗞-𝗽𝗼𝗽 𝗲𝗱𝗶𝘁𝘀, and viral 𝗬𝗼𝘂 𝗧𝘂𝗯𝗲 𝗦𝗵𝗼𝗿𝘁𝘀 — all crafted with passion! 💜  
Whether you're a proud 𝗔𝗥𝗠𝗬 or love good vibes & trending content, you're in the perfect place.

🎬 What You’ll Find Here:  
- 🔥 BTS Fan Edits & Moments  
- 🎶 K-pop Reels & Trends  
- 📱 Viral Shorts  
- 💡 Inspiring & Fun Content  

💥 Join the Mrshanvolog Fam today!  
Like 💖 | Comment 💬 | Subscribe 🔔  
Because every view & vibe counts.  
#Mrshanvlog 📈 

My contauct :-773159909
Wthsapp       :-727600501
BOC BANK AC 90844051",2021-06-08T10:38:17.82873Z,LK,1274648,5960,417,2026-07-25 18:31:37.305947+00,2026-07-25 18:31:37.305947+00,MrShan Vlog,24.0,UUdTL_n9uC2_DlLX7ohcKpVQ,
UCdY0SS4tZPdWdQ6m5bX-ZBg,TRAVEL with RANDIKA,,2021-01-18T11:45:04.52338Z,LK,65396,1380,254,2026-07-25 18:31:37.305947+00,2026-07-25 18:31:37.305947+00,TRAVEL with RANDIKA,24.0,UUdY0SS4tZPdWdQ6m5bX-ZBg,
UCe13xXtdfx_n0_z1qeXV6_g,M Entertainments,"Welcome to the official YouTube channel of Maharaja Entertainments   brought to you by Capital Maharaja Group with the  excellence of 93 years. Presenting you the ultimate entertaining content from Sinhalese, Tamil and English,our channel is open for the artists from different genres. Always having the concept of Artist Oriented nature,we proudly present all types of songs, movies and other video content and audio content. we are a library of masterpieces from more than five decades.The immortal voices from the Sri Lankan music industry are still in front of your eyes now. From classical lovers to the new trendsetters, we are providing a platform to empower the newest local artists to showcase their talent. Being the country’s largest music management and distribution company, now you can watch your favorite song at any time within a distance of a finger tip. Not only music,now we are known to be the leading film distribution company in the country. Subscribe,Enjoy and Stay connected!
",2013-03-07T02:29:42Z,LK,667525026,1250000,3946,2026-07-25 18:31:37.305947+00,2026-07-25 18:31:37.305947+00,M Entertainments,10.0,UUe13xXtdfx_n0_z1qeXV6_g,
UCEa6e_J_Xs_GKCzG8Eq15Xw,SGM Tunes,"Premier Sri Lankan Record Label.


Connect with us
sgm@sgmtunes.com",2013-08-01T07:33:07Z,LK,565037015,1580000,149,2026-07-25 18:31:37.305947+00,2026-07-25 18:31:37.305947+00,SGM Tunes,24.0,UUEa6e_J_Xs_GKCzG8Eq15Xw,
UCEAjJ7_uNZDGzmFQiSFIQ7A,ජන පදය,"ජන පදය යනු අපේ සරල ජීවිතයේ ගැඹුරු අරුත් සොයා ගන්න පුළුවන් YouTube නාලිකාවකි. 🐜
කුඹිගේ කුඩා ලෝකයෙන් 🐜, සතුන්ගේ හැසිරීම් වලින් 🐘🦋🐦, සහ ජනකතා මගින් 🌿 – ජීවිතය ගැන සැහැල්ලු සෙරමන් අලුත් දැනුම ගන්න.

👉 මේ නාලිකාවෙන් ඔබට ලැබෙන්නේ:

කුඹි 🐜 සහ සතුන් ගැන අමුතුම වීඩියෝ

ජනපද කතා සහ බුද්ධිමත් උපදේශ

ජීවිතයට මනස සැහැල්ලු කරන පණිවිඩ


ජන පදය – සරල දේවල් මගින් ජීවිතය අරුත සහ සතුට සොයා ගමු. 💚✨


---

English 🌍

Jana Padaya is a YouTube channel where you discover deep meanings of life through simple things. 🌱
From the tiny world of ants 🐜, the wisdom of animals 🐘🦋🐦, and timeless folk stories 🌿 – you will find inspiration and positivity for everyday life.

👉 What you’ll find here:

Unique videos about ants 🐜 & animals

Sri Lankan folk stories & wisdom

Positive messages to make your mind lighter 💚


Jana Padaya – Discovering joy and meaning through the little things in life. ✨


---
",2022-12-06T12:37:11.553637Z,LK,12,957,2,2026-07-25 18:31:37.305947+00,2026-07-25 18:31:37.305947+00,ජන පදය,22.0,UUEAjJ7_uNZDGzmFQiSFIQ7A,
UCEjCyBoWP57QRkmFRz-aOGw,WOW ENGLISH,"Wattsenglish Ltd. is a British company exclusively involved in young learner education and the development of unique teaching materials. Our course books for young children aged 3-7 (the Wow! series) are the only interactive teaching materials on the market that use a real human face to truly engage and motivate young children to learn English. These materials are available worldwide along with a corresponding online teacher training course, and can be used by any certified teacher or language school. We hope from the samples available at www.wowenglish.com , that you are interested in using these unique materials for your school or region.",2007-05-22T12:21:42Z,GB,398771489,1110000,127,2026-07-25 18:31:37.305947+00,2026-07-25 18:31:37.305947+00,WOW ENGLISH,27.0,UUEjCyBoWP57QRkmFRz-aOGw,
UCEmrzEYds6XN_7dd_5_XnrA,SSundee Best Moments,"Relive the best moments from SSundee and his friends.

ACHIEVEMENTS
100 Subs - 3 May 2021
500 Subs - 11 May 2021
1000 Subs - 16 May 2021
2500 Subs - 20 May 2021
5000 Subs - 20 May 2021
10000 Subs - 21 May 2021
50000 Subs - 27 May 2021
100000 Subs - 21 June 2021
250000 Subs - 23 October 2021
500000 Subs - 12 December 2023
1 Million Subs - ?

",2021-02-20T13:10:08.198238Z,LK,551606742,680000,4718,2026-07-25 18:31:37.305947+00,2026-07-25 18:31:37.305947+00,SSundee Best Moments,24.0,UUEmrzEYds6XN_7dd_5_XnrA,
UCEoihco2ah097z2YwYOtojw,Tiny Bunny,"Hi. I upload videos of  Escape Games Walkthroughs and Android games gameplays.
You don't forget to press that LIKE and SUBSCRIBE button.
I'll do my best. Thank you. :D

Please contact us by email for any information regarding the copyright of the video or game.


",2018-09-17T14:40:11Z,KR,47649950,70800,3873,2026-07-25 18:31:37.305947+00,2026-07-25 18:31:37.305947+00,Tiny Bunny,20.0,UUEoihco2ah097z2YwYOtojw,
UCETxOvOv9_44-CUzsPlzyxQ,Chanux Bro,Chanux Bro,2008-08-18T07:02:45Z,Unknown,224455707,2190000,1721,2026-07-25 18:31:37.305947+00,2026-07-25 18:31:37.305947+00,Chanux Bro,28.0,UUETxOvOv9_44-CUzsPlzyxQ,
UCEUSUxrhCt4n0Pp9WB7q7-w,SLTMobitel,Welcome to the official YouTube Channel of SLTMobitel Sri Lanka.,2010-04-05T07:45:54Z,LK,91725204,1460000,1898,2026-07-25 18:31:37.305947+00,2026-07-25 18:31:37.305947+00,SLTMobitel,24.0,UUEUSUxrhCt4n0Pp9WB7q7-w,
UCEuz_HGv5er0LZsztjO4g5Q,Buddhist Path - දෙලොවම සුවපත්වන බුදු බණ,"🙏 Buddhist Path – දෙලොවම සුවපත්වන බුදු බණ 🙏

Welcome to Buddhist Path, a peaceful spiritual YouTube channel dedicated to sharing the timeless teachings of Lord Buddha. Through powerful Sinhala Bana sermons, calming Dharma discussions, meditation guidance, and inspiring Buddhist content, this channel helps people find inner peace, happiness, mindfulness, and spiritual strength. 🌿

In today’s stressful world, Buddha’s teachings continue to guide people toward a meaningful and peaceful life. Our mission is to spread compassion, wisdom, kindness, and positive thinking through the sacred Dhamma. Listening to these teachings can help reduce stress, control anger, heal the mind, and bring peace to both this life and the next

#BuddhistPath #Buddhism #BuduBana #Dhamma #SinhalaBana #Meditation #Mindfulness #InnerPeace #Spirituality #BuddhaTeachings #PeacefulLife #SriLanka
",2018-09-15T11:28:07Z,LK,1348,1210000,110,2026-07-25 18:31:37.305947+00,2026-07-25 18:31:37.305947+00,Buddhist Path - දෙලොවම සුවපත්වන බුදු බණ,24.0,UUEuz_HGv5er0LZsztjO4g5Q,
UCF5efTIgHxLMduJeMLdbbUw,Kithursan Official,இசையின் மாணவன்,2021-04-28T08:34:33.696612Z,LK,23,1260,5,2026-07-25 18:31:37.305947+00,2026-07-25 18:31:37.305947+00,Kithursan Official,10.0,UUF5efTIgHxLMduJeMLdbbUw,
UCfK5mYo5nvU4d4vkguhSn6Q,ak production,"Welcome to AK Production Vlog!
We bring you the best vlogs from Dharan, travel adventures, live concerts, local events and entertainment content from Nepal.
Subscribe and join our journey.
Business Inquiry: akproduction067@gmail.com
",2019-04-01T06:17:30Z,NP,7681201,65300,106,2026-07-25 18:31:37.305947+00,2026-07-25 18:31:37.305947+00,ak production,24.0,UUfK5mYo5nvU4d4vkguhSn6Q,
UCFPySgAumPBFo0VFf8hjCjw,Lahiru Dikkumbura,"The Official Lahiru Dikkumbura YouTube Chanel.
Contact  - +94 71 477 4450
",2010-07-25T12:29:11Z,US,23928264,103000,172,2026-07-25 18:31:37.305947+00,2026-07-25 18:31:37.305947+00,Lahiru Dikkumbura,2.0,UUFPySgAumPBFo0VFf8hjCjw,
UCFq73irpdELVQc5yYQcLCcA,Ceylon Food Lover,"Hello friends...

Welcome to Ceylon Food Lovers....

This Channel is about cooking recipes. My hobby is making delicious food during my free time. I love cooking and always make simple, easy and delicious food. In this channel you will learn amazing foods. I love to cook Local Ceylon food and the Indian which is from our neighboring country and also the Arabic and Malay food because Ceylon is a multi- cultural Country. Also you may see my own innovations as well. So, If you Stay connected with Ceylon Food Lovers you can learn many more Ceylon and other countries food recipes.
This is a destination for all food lovers.. 
Subscribe 200-☑️
Subscribe 250-☑️
Subscribe 500-
Subscribe 750-
Subscribe 1000-

Please Click the SUBSCRIBE button and BELL ICON so you do not miss new episodes!
Do LIKE Ceylon Food Lovers
Do Comments Ceylon Food Lovers
Do SHARE with your friends and family. 

Thank you for visiting my Channel!

-I am Ceylon Food Lovers-

",2021-04-08T10:51:35.505042Z,LK,514319,726,29,2026-07-25 18:31:37.305947+00,2026-07-25 18:31:37.305947+00,Ceylon Food Lover,22.0,UUFq73irpdELVQc5yYQcLCcA,
UCGc6e2-SXlGP_cKkV5H39Kg,Kema Ready,"අලූත්ම රසකට කෑම හදන්න ආස ඔබ වෙනුවෙන්ම Kema Ready චැනල් එකෙන් එක දිගට අලුත් කෑම වර්ග අප වෙතින්
දැන්ම අපගේ CHANNEL එක SUBSCRIBE කරලා 🔔 ලකුණ ALL කරලා තියාගන්න.",2019-11-08T15:11:00.48734Z,LK,1206,1160,10,2026-07-25 18:31:37.305947+00,2026-07-25 18:31:37.305947+00,Kema Ready,27.0,UUGc6e2-SXlGP_cKkV5H39Kg,
UCGkzF25IZBE1SF9ykM64xEA,Vini Productions - විනී,"Hotline - 0704980980
Vini Productions - විනී

contactviniproductions@gmail.com",2014-12-21T09:05:24Z,LK,631147309,3890000,119,2026-07-25 18:31:37.305947+00,2026-07-25 18:31:37.305947+00,Vini Productions - විනී,24.0,UUGkzF25IZBE1SF9ykM64xEA,
UCglXlpWjIi95auM3umWWLdw,Tech Master,"Tech deserves better stories.

What began with one camera has grown into the world's most subscribed tech channel. But the mission has always been bigger than numbers, to make tech simple, relatable, and impossible to ignore.

Through emotion, humor, and real-life experiences, we turn complex tech into stories that anyone can understand and feel.

This isn't the destination. The best is yet to come.

For Business & Partnerships: techmaster@socialcurrent.in
",2021-07-24T13:30:30.530446Z,IN,20261313932,32400000,1556,2026-07-25 18:31:37.305947+00,2026-07-25 18:31:37.305947+00,Tech Master,28.0,UUglXlpWjIi95auM3umWWLdw,
UCGN3TM5lZQ1DAvMwI1LIc8Q,Nodutu Lokaya - නොදුටු ලෝකය,"I can proudly say that this is Sri Lanka's top educational channel. Since 2014 of June 13th, I uploaded hundreds of educational videos, especially about astronomy and science. In Sri Lanka, there are only a handful of channels that are talking about astronomy.  Anyone who reads comments on my channel may understand how much people admire that.  

All of my videos are created by me.  Usually, it takes almost a day to create a new video because it is not an easy task to collect information from trusted sources. The voice you hear in those videos Is also mine. 

Ever wonder how I edit videos? I use many editing programs such as After Effects, Premiere Pro, Audacity and Explanido.  As you noticed, with these programs I create special animations to give you a better understanding. 

I have only one purpose in my mind. To give you a good knowledge about the space, universe, and science.",2014-01-13T16:38:10Z,LK,124738570,1230000,1386,2026-07-25 18:31:37.305947+00,2026-07-25 18:31:37.305947+00,Nodutu Lokaya - නොදුටු ලෝකය,27.0,UUGN3TM5lZQ1DAvMwI1LIc8Q,
UCgnFSj7jQffD5V5m05j4dPw,Newsfirst Sri Lanka,"Sri Lankas first international news channel, broadcasting in Sinhalese, Tamil and English across three TV channels, four radio channels and streamed live at www.newsfirst.lk.",2011-07-02T17:12:55Z,LK,1798011382,3150000,328864,2026-07-25 18:31:37.305947+00,2026-07-25 18:31:37.305947+00,Newsfirst Sri Lanka,22.0,UUgnFSj7jQffD5V5m05j4dPw,
UCh9qXeL8eP3Txra2908xksg,Yohani,"https://linktr.ee/yohanimusic
",2016-03-01T17:54:54Z,LK,886763901,4050000,1666,2026-07-25 18:31:37.305947+00,2026-07-25 18:31:37.305947+00,Yohani,10.0,UUh9qXeL8eP3Txra2908xksg,
UCHQfFg_epoUK0htwmiUyzEQ,English Sinhalen Online,"සිංහලෙන් ඉංග්‍රීසි ඉගෙනගන්න කැමති හැමෝම අපිත් එක්ක එකතු වෙන්න.

ඔයාලා කැමති නම් අපිත් එක්ක එකතු වෙලා ඉංග්‍රීසි කතා කරන්න, ඉගෙනගන්න ඔයාට පුළුවන් අපිට WhatsApp වලින් සම්බන්ධ වෙන්න. ඉතින් ඔයාගෙ ඕනම ඉංග්‍රීසි ගැටලුවක් පහල තියෙන WhatsApp  අංක වලට යොමු කරන්න අමතක කරන්න එපා!

English Sinhalen Online 
076 946 8230 (WhatsApp Only)
Sipin Academy
076 334 6388 (WhatsApp Only)
",2020-05-06T15:55:04.244096Z,LK,36688379,627000,1157,2026-07-25 18:31:37.305947+00,2026-07-25 18:31:37.305947+00,English Sinhalen Online,27.0,UUHQfFg_epoUK0htwmiUyzEQ,
UCiOEgWwAKbfrVb795hqQc9A,Heshan Vlog,"Welcome to Heshan Vlog YouTube Channel... 😎

Join me on my journey as I explore the world, share my daily life, and dive into exciting adventures. Whether it's travel, food, or just everyday experiences, I’m here to bring you along for the ride. Expect fun, creativity, and a little bit of everything as I capture the moments that make life special...

Don't forget to hit that subscribe button and join the Heshan Vlog family!

⛔ සාම්ප්‍රදායික vlog සංස්කෘතියෙන් ඔබ්බට.
✅ Heshan Vlog Contact = ( 075 8387160 ) 
     
😇 WhatsApp msg only 😉",2023-07-15T10:56:48.888962Z,LK,45634690,379000,191,2026-07-25 18:31:37.305947+00,2026-07-25 18:31:37.305947+00,Heshan Vlog,24.0,UUiOEgWwAKbfrVb795hqQc9A,
UCiTVdDN9GI0xzzyvPHrk8VA,Sameera Hasaranga,ලෝකයට ඕන විදිහට ඔබ වෙනස් නොවී ඔබට ඕන විදිහට ඔබ වෙනස් වෙන්න එවිට ලෝකය ඔබ ලෙස වෙනස් වේ.,2019-01-18T12:32:26Z,LK,166,1670,5,2026-07-25 18:31:37.305947+00,2026-07-25 18:31:37.305947+00,Sameera Hasaranga,22.0,UUiTVdDN9GI0xzzyvPHrk8VA,
UCIWNVlovGKqnOhJ2eRC_xfg,Dare-Devil,"We’re a small  band we play anything and everything rock and our only goal is to make music in the crazy decade. If you enjoy what we make, please consider subscribing. It really supports us.",2026-03-17T20:20:22.65822Z,Unknown,6218,71,8,2026-07-25 18:31:37.305947+00,2026-07-25 18:31:37.305947+00,Dare-Devil,22.0,UUIWNVlovGKqnOhJ2eRC_xfg,
UCjK3LREYZUrNKnk56Prhe4w,Waharaka Thera Waruna,නිදහසේ මාවතට මග කියූ සඝ තෙර මහ ගුරුතරුව,2018-09-21T15:06:09Z,LK,256443,2320,460,2026-07-25 18:31:37.305947+00,2026-07-25 18:31:37.305947+00,Waharaka Thera Waruna,29.0,UUjK3LREYZUrNKnk56Prhe4w,
UCjLQdvRi4RHedQ74TWLgyRw,Teckeey,"                Welcome to the  youtube channel 
           Please support to reach 1k subscribers

                            Thank You.
",2021-06-01T11:42:59.58869Z,LK,2,640,1,2026-07-25 18:31:37.305947+00,2026-07-25 18:31:37.305947+00,Teckeey,22.0,UUjLQdvRi4RHedQ74TWLgyRw,
UCJsN1Mmx4GRA6sCYdfKqpSQ,Sandaru Sathsara,,2020-10-22T22:23:13.804338Z,LK,215812564,1950000,195,2026-07-25 18:31:37.305947+00,2026-07-25 18:31:37.305947+00,Sandaru Sathsara,10.0,UUJsN1Mmx4GRA6sCYdfKqpSQ,
UCk6Bzr5M-8n_KN2guSmWmMw,siri vidasuna,Amathanna ... 0786491163,2016-02-28T08:47:44Z,LK,5508,512,52,2026-07-25 18:31:37.305947+00,2026-07-25 18:31:37.305947+00,siri vidasuna,24.0,UUk6Bzr5M-8n_KN2guSmWmMw,
UCKA7SQOUkD1_z5lr016Q70w,Wild Cookbook,"Ayubowan!
Welcome to Wild Cookbook!  
Let's make 'cooking' wild :)
Stay tuned for  yummy experiences. 

Love, 
Charith N Silva 

",2020-11-01T13:28:13.251688Z,LK,5130261361,11000000,757,2026-07-25 18:31:37.305947+00,2026-07-25 18:31:37.305947+00,Wild Cookbook,22.0,UUKA7SQOUkD1_z5lr016Q70w,
UCKEKf35apTUvSLs-c1DCekw,English with Sakvithi,"This is an English learning channel for beginners and advanced students, created by Sakvithi Ranasinghe, who is a famous English teacher in Sri Lanka. I have been teaching English for over 25 years. I’m always trying my best to give you the best English learning experience in a very interesting way. All my lessons are very simple but practical. Most of the time, I explain English phrases by using film clips. Now, my channel is nearing one million subscribers. I need your support to hit the target. Please subscribe and click the bell icon.🔔

We upload videos every day.

For online classes, please contact us on WhatsApp at +94 74 022 3126
",2019-06-11T14:26:15Z,LK,41664500,999000,977,2026-07-25 18:31:37.305947+00,2026-07-25 18:31:37.305947+00,English with Sakvithi,27.0,UUKEKf35apTUvSLs-c1DCekw,
UCKS1HX4moHCcDBZnM9k4giw,Booba – Cartoon for Kids,"Booba is cute and inquisitive, like a five-year-old kid. He explores the world without anger or resentment, only joy and wonder. He doesn't talk, although he does make sounds to express his emotions.
 
Nobody knows where he came from, but he has obviously missed the last 100 years of human progress and explores modern locations with boundless energy and enthusiasm. His awkward movements, combined with a strong desire to learn more about the world around him, often have hilarious results! However, this doesn’t satisfy Booba’s curiosity, so his adventures will continue in the upcoming series. 
 
This series about Booba is the main project of the 3D Sparrow animation studio. For any business inquiries, please feel free to contact us at contact@3dsparrow.com

SuperToons App https://supertoons.onelink.me/1sYH/9
",2014-08-08T12:11:44Z,US,3650788990,6110000,1340,2026-07-25 18:31:37.305947+00,2026-07-25 18:31:37.305947+00,Booba – Cartoon for Kids,1.0,UUKS1HX4moHCcDBZnM9k4giw,
UCkysZsPin4y9iQHS-QYygeQ,Around The Clock,"Greetings and welcome to Around The Clock. This is a dedicated Nintendo news channel where you can find news, previews, reviews & reactions to all things Nintendo. If you like Livestreams, YouTube Shorts, or just regular videos about Nintendo updates, I’ve got you covered. So make make sure to subscribe because on this channel you can find new Nintendo news content Around The Clock. ",2013-10-29T16:23:20Z,US,42201666,104000,4054,2026-07-25 18:31:37.305947+00,2026-07-25 18:31:37.305947+00,Around The Clock,20.0,UUkysZsPin4y9iQHS-QYygeQ,
UCltN1illHSguno1gokRShxA,Leo’s Playtime,"🌈 Welcome to Leo’s Playtime — a fun world where Leo plays, and explores every day! 🎉
",2024-01-23T10:34:10.741048Z,US,121714437,184000,317,2026-07-25 18:31:37.305947+00,2026-07-25 18:31:37.305947+00,Leo’s Playtime,26.0,UUltN1illHSguno1gokRShxA,
UCm-TY_JakK4dHAwF6QqcZSg,Artzy,,2019-01-29T03:08:21Z,Unknown,14609363,122000,95,2026-07-25 18:31:37.305947+00,2026-07-25 18:31:37.305947+00,Artzy,20.0,UUm-TY_JakK4dHAwF6QqcZSg,
UCMeObxIFpmRVL22ZpL4ME9g,Shifa Media,Please subscribe my channel,2017-09-17T00:06:07Z,Unknown,1166079,6650,883,2026-07-25 18:31:37.305947+00,2026-07-25 18:31:37.305947+00,Shifa Media,22.0,UUMeObxIFpmRVL22ZpL4ME9g,
UCmqflTSJ6911aCrnaWIXxsA,The Voice Sri Lanka,"The Voice Sri Lanka

The Voice One of the most successful reality TV formats in the world. Extremely successful in 180 countries. 
SRI LANKA’S NEWEST TELEVISION EXPERIENCE - The Voice Sri Lanka

The Voice is an international reality television singing competition franchise of Dutch origin. It is based on the reality singing competition The Voice of Holland, which was originally created by Dutch television producer John de Mol. The show's format features five stages of competition: producers' auditions, blind auditions, battle rounds, knockouts (since 2012), and live performance shows.

A combined 438 singers have won The Voice, The Voice Kids, The Voice Teens and The Voice Senior in 145 countries/regions. Each winner is given a recording contract, a monetary prize, and a title as that nation's ""Voice"". 

#TheVoiceSL #SirasaTV #TheVoiceSriLanka #TheVoiceSL #TheVoiceLK #VoiceSriLanka #VoiceLK #lka
",2019-10-23T12:20:15.115302Z,LK,784713815,2380000,3846,2026-07-25 18:31:37.305947+00,2026-07-25 18:31:37.305947+00,The Voice Sri Lanka,24.0,UUmqflTSJ6911aCrnaWIXxsA,
UCMQYRNX1Fg-HJ8Ey7Z3WPrA,"Wasthi Productions ""වස්ති""","Wasthi Productions ""වස්ති""  -  සම්ප්‍රදාය අතික්‍රමණයට..!! 

",2016-02-20T09:12:42Z,LK,282961325,2130000,93,2026-07-25 18:31:37.305947+00,2026-07-25 18:31:37.305947+00,"Wasthi Productions ""වස්ති""",24.0,UUMQYRNX1Fg-HJ8Ey7Z3WPrA,
UCn0XmAUFv6d2tofMFEesSNw,Sirasa TV,"Welcome to the Official Sirasa TV YouTube Channel!

Sirasa TV has been at the forefront of the industry, catering to all three languages while pioneering reality television shows, franchise television programs, and daily soaps in Sri Lanka. Equipped with state-of-the-art audio-visual receiving and transmitting equipment, our signals are broadcast free-to-air across the country.

#SirasaTV #ThePeoplesChannel #LKA 
",2011-12-22T12:20:09Z,LK,3465110572,4220000,22794,2026-07-25 18:31:37.305947+00,2026-07-25 18:31:37.305947+00,Sirasa TV,24.0,UUn0XmAUFv6d2tofMFEesSNw,
UCNFDDKoTezuSWbIjjHA76xQ,TR Creativity,"Well come to my channel Be Creativity, satisfying video and tattoos 😍",2022-12-23T14:19:08.114029Z,LK,751491366,1320000,1343,2026-07-25 18:31:37.305947+00,2026-07-25 18:31:37.305947+00,TR Creativity,22.0,UUNFDDKoTezuSWbIjjHA76xQ,
UCnIKiPYRsC2iN4jpsUeBeXQ,Dσιԃσ  Pɾσԃυƈƚισɳʂ," Wellcome to Dσιԃσ  Pɾσԃυƈƚισɳʂ
Please helped 2k Subscribe 
😀😀😀😀
",2020-12-18T12:17:57.141497Z,LK,710,1030,2,2026-07-25 18:31:37.305947+00,2026-07-25 18:31:37.305947+00,Dσιԃσ  Pɾσԃυƈƚισɳʂ,24.0,UUnIKiPYRsC2iN4jpsUeBeXQ,
UCnirzf0fEAPfQV__61iwSQQ,Eclipse,Defeat 8 Snowmans,2013-04-26T21:16:51Z,Unknown,144490659,328000,969,2026-07-25 18:31:37.305947+00,2026-07-25 18:31:37.305947+00,Eclipse,20.0,UUnirzf0fEAPfQV__61iwSQQ,
UCnY7v189bwoSTFFYD_PNWhQ,Channel NIE - தமிழ்,"Leading Education Partner in Sri Lanka

Channel NIE - https://www.youtube.com/channel/UChr7K9dI0ZkPFm1AuXyXW-g
English Medium - https://www.youtube.com/@ChannelNIEEnglishMedium
Channel NIE Kids - https://www.youtube.com/@Channelniekids
Professional Development - https://www.youtube.com/channel/UCSCE8CYn31DTW4ymHP6DAMQ
Facebook Page - https://www.facebook.com/channelnie
TikTok - https://www.tiktok.com/@channelnie?_t=8jXP5wSvoeI&_r=1
Instagram - https://www.instagram.com/channelnie/?igsh=b3dqNjZqcjYwOWZ6
",2021-03-18T12:23:25.770521Z,LK,8157815,102000,2096,2026-07-25 18:31:37.305947+00,2026-07-25 18:31:37.305947+00,Channel NIE - தமிழ்,27.0,UUnY7v189bwoSTFFYD_PNWhQ,
UCNyujDJFZqQml78mdpb2rNA,සරු කෙත,"Hi this channel about related with agriculture 

",2021-08-12T17:57:53.526595Z,LK,201278,2700,104,2026-07-25 18:31:37.305947+00,2026-07-25 18:31:37.305947+00,සරු කෙත,24.0,UUNyujDJFZqQml78mdpb2rNA,
UCOLdaAcrdzYY3ug15EuuFAg,The Rustic Kitchen & Tranquil Village,"We are in a Small village in Sri Lanka. me and my mother going to show our day-to-day life and our cooking recipes and gardening etc. 
this is our village kitchen and this is how our life going.  Subscribe to watch our videos. 

For business inquires, please contact: trktvmarketing@gmail.com

",2023-04-26T12:05:07.592064Z,LK,848413293,2160000,104,2026-07-25 18:31:37.305947+00,2026-07-25 18:31:37.305947+00,The Rustic Kitchen & Tranquil Village,26.0,UUOLdaAcrdzYY3ug15EuuFAg,
UCOQAZV0vURpWMKTlAGVy8rQ,Music Channel - Sutha Win Music Rasanai,"I Dedicate this channel to all music video loving viewers.

You can enjoy the music with- Natural sceneries. Fruits, Animals, Birds, Flowers, Fish, Etc...Etc...Etc...",2021-01-30T05:57:23.089413Z,LK,100989,1150,265,2026-07-25 18:31:37.305947+00,2026-07-25 18:31:37.305947+00,Music Channel - Sutha Win Music Rasanai,10.0,UUOQAZV0vURpWMKTlAGVy8rQ,
UCQxq1x6XKl1oRJ_aSOdurWQ,Shanthini Singer,"Studied Carnatic Music Graduate_Vocal at University of Jaffna
Past: Bt/St. Michael's High School.Sri Lanka",2012-04-11T10:56:22Z,LK,1694095,11100,391,2026-07-25 18:31:37.305947+00,2026-07-25 18:31:37.305947+00,Shanthini Singer,10.0,UUQxq1x6XKl1oRJ_aSOdurWQ,
UCR0Bia1mQ7NQp31WWNhoFnw,Sri Lankan Countryball productions,"I’m just a regular Sri Lankan kid born and living in The Uk making videos for fun





If you like what you see here  please like and subscribe
  


Here’s my Discord link  
 
👇

https://discord.gg/Guw3jBD8VE
",2024-07-20T15:26:10.030467Z,GB,3495412,16300,100,2026-07-25 18:31:37.305947+00,2026-07-25 18:31:37.305947+00,Sri Lankan Countryball productions,22.0,UUR0Bia1mQ7NQp31WWNhoFnw,
UCR5y9OV23c0jJ4RGwDvGnLw,Science With Ruchira,"Science With Ruchira is a channel devoted to presenting science, mathematics, and philosophy concepts in a simplified manner for a Sinhala-speaking audience",2021-05-22T17:42:33.283067Z,LK,45141939,682000,339,2026-07-25 18:31:37.305947+00,2026-07-25 18:31:37.305947+00,Science With Ruchira,27.0,UUR5y9OV23c0jJ4RGwDvGnLw,
UCr8qGT-Mv9tdCo-aPr06REQ,G Plus Animation,"Welcome to [G Plus Animation]!

Step into the hilarious yet relatable world of corporate life, customer service, and call centers with our star, Veronika! From navigating the chaos of office politics as a corporate manager to the challenges of dealing with demanding customers as a call center representative, Veronika embodies the everyday experiences that many of us face in the workplace.

Our channel features a blend of funny skits and thought-provoking scenarios, showcasing the lighter side of corporate culture. Whether it’s dealing with absurd customer requests, hosting team meetings that go off the rails, or finding humor in the mundane, Veronika's journey is filled with laughs, lessons, and a sprinkle of reality.

Join us for a series of animated adventures that highlight the highs and lows of work life, all delivered with a comedic twist. 

For Copyright Concerns and Business Inquiries, Please Contact Us at: gplusanimation@gmail.com We Will Reply to You Within 12 Hours.
",2024-05-16T10:54:30.330401Z,US,460203250,690000,1478,2026-07-25 18:31:37.305947+00,2026-07-25 18:31:37.305947+00,G Plus Animation,1.0,UUr8qGT-Mv9tdCo-aPr06REQ,
UCRJPCCeeEsLiZkCjWlulDCg,Travel ලුකා,,2020-04-23T20:05:45.976955Z,LK,2551,892,7,2026-07-25 18:31:37.305947+00,2026-07-25 18:31:37.305947+00,Travel ලුකා,22.0,UURJPCCeeEsLiZkCjWlulDCg,
UCrjQG1gLZ4cDwIzrGA5pRBw,YouSee,I share with you my life journey and the beautiful and amazing experiences I see. 🌿🥰  I love living with the environment and enjoying it. I hope you enjoy it too. 😇🫶🩵💚🍃🥰,2023-04-30T10:21:03.050167Z,LK,3940302,10200,2350,2026-07-25 18:31:37.305947+00,2026-07-25 18:31:37.305947+00,YouSee,22.0,UUrjQG1gLZ4cDwIzrGA5pRBw,
UCRnC_XIuIVFKWphUcLd4MVA,MIND YOUR MIND,,2022-12-29T19:16:11.678437Z,Unknown,167477,1720,192,2026-07-25 18:31:37.305947+00,2026-07-25 18:31:37.305947+00,MIND YOUR MIND,27.0,UURnC_XIuIVFKWphUcLd4MVA,
UCRtAu8OVYVfuNZmTV-Ug0zA,Buddhism,"Let's Learn Buddhism in simple English


Mahamevnawa International Meditation Centre UK
Dhamma land, 
Harding's Elms Rd, 
Crays Hill, 
Billericay.

",2013-06-04T02:29:09Z,LK,247206736,2940000,543,2026-07-25 18:31:37.305947+00,2026-07-25 18:31:37.305947+00,Buddhism,27.0,UURtAu8OVYVfuNZmTV-Ug0zA,
UCs_mHlm5_C82W5WCIJaSMbQ,Vishwakarma | විශ්වකර්ම,"Welcome to Vishwakarma | විශ්වකර්ම – your reliable source for bridging ancient wisdom and modern life.

We bring you the secrets of Astrology, Universal Energy, traditional health knowledge, and in-depth News and Political analysis needed to illuminate your path to success and awareness.

Our Content Focus:

🔮 Authentic Astrology & Predictions: Horoscope readings, planetary transits (Graha Maru), and auspicious times.
📢 News & Politics: Current affairs, political predictions, and social analysis.
✨ Universal Energy Secrets: Techniques to align with cosmic power for progress and positivity.
🌿 Traditional Wellness: Ancient secrets for health and beauty.

Contact & Company Details:

Founder: Dinesh Suranga
Company: Vishwakarma (Pvt) Ltd
Contact: If you wish to contact me, don't hesitate to call +94 777 006 069

Subscribe now and awaken the power within you! 🙏
",2014-12-13T14:47:42Z,LK,266224825,1710000,5680,2026-07-25 18:31:37.305947+00,2026-07-25 18:31:37.305947+00,Vishwakarma | විශ්වකර්ම,22.0,UUs_mHlm5_C82W5WCIJaSMbQ,
UCt7aYc76HmITvYbbQlHyFnw,Go English Way,"Free English lessons in pronunciation , spelling , grammar , vocabulary and more.",2018-01-12T17:24:40Z,LK,14709,976,59,2026-07-25 18:31:37.305947+00,2026-07-25 18:31:37.305947+00,Go English Way,27.0,UUt7aYc76HmITvYbbQlHyFnw,
UCTb1H9XUOHjqA9hVvxCht0w,WORLD LIBRARY | ලෝක පුස්තකාලය,"WORLD LIBRARY | ලෝක පුස්තකාලය YouTube නාලිකාව වෙත සාදරයෙන් පිළිගනිමු!

මෙම නාලිකාව තුළ ඔබ කවදාවත් අසා නැති ඇදහිය නොහැකි සිදුවීම් සහ දේවල් දැක ගත හැකිය. කිසිම මිනිසෙක් පය නොතැබූ තැන්වලට මම ඔබව රැගෙන ගොස් ඔබ කිසිදා නොසිතූ දේවල් ඔබට පෙන්වන්නම්. ලැයිස්තුව දිගටම පවතින අතර මෙම නාලිකාවේ සෑම වීඩියෝවක්ම ලොව පුරා ඇදහිය නොහැකි සිදුවීම් සහ දේවල් පිළිබඳ නව කෝණයකින් තොරතුරු බෙදා ගනී. ඔබටත් මෙම ගවේෂණ චාරිකාවට සම්බන්ධ වීමට අවශ්‍යද එවිට WORLD LIBRARY | ලෝක පුස්තකාලය හා එක්වන්න. මෙම විස්මිත ප්‍රජාවේ කොටසක් වීම ගැන ඔබට ස්තුතියි!

SUBSCRIBE ❤️

වීඩියෝ Upload කිරීම සෑම දිනකම​
©Copyright WORLD LIBRARY All Rights Reserved
",2014-08-03T17:19:15Z,LK,7030,1260,25,2026-07-25 18:31:37.305947+00,2026-07-25 18:31:37.305947+00,WORLD LIBRARY | ලෝක පුස්තකාලය,22.0,UUTb1H9XUOHjqA9hVvxCht0w,
UCu_V8lfzyGspxP-LNFowW9w,eTunes,,2014-10-07T06:23:07Z,LK,558784478,1200000,769,2026-07-25 18:31:37.305947+00,2026-07-25 18:31:37.305947+00,eTunes,10.0,UUu_V8lfzyGspxP-LNFowW9w,
UCU5WmQA3Ur1Yriw5pMqoBNQ,FactsVibe,"🐾 Welcome to our facts family.
I've always loved animals and believe they deserve our kindness and protection. ❤️ That's why I use animal videos to explain interesting facts instead of showing ordinary footage. Every video is made with respect for the amazing creatures that share our world.

This channel is about learning new facts while also helping people appreciate animals. If you love animals, enjoy discovering fascinating facts, and want to support a community that cares about wildlife, you're always welcome here. 🐱🌎
",2025-02-01T11:02:00.916462Z,LK,92957635,1230000,194,2026-07-25 18:31:37.305947+00,2026-07-25 18:31:37.305947+00,FactsVibe,24.0,UUU5WmQA3Ur1Yriw5pMqoBNQ,
UCu7cGbQEMgGk8TD0ZYucM5g,Shraddha TV,"
Shraddha TV can be watched twenty-four hours a day via Peo TV channel number 99 and Dialog TV channel number 27 in Sri Lanka. The live streaming can be watched worldwide via youtube and www.shraddha.lk/tv as well.

You can also contribute to this meritorious deed of gifting dhamma.
Bank: Sampath Bank, Kaduwela Branch.
Account Name: ""Shraddha Media Network""
Account No: 016 2 100 00 910

Shraddha TV Address: No 369, Shraddha Media Network, Hewagama, Kaduwela 
Telephone: (+94)112 571 471 
Fax:  (+94)112 548 400 
Email: Info@shraddha.lk 
ලක්විරු ගුවන් විදුලිය: (+94) 71 214 8888
ශ්‍රද්ධා ධර්මදාන:  (+94)71 437 4904
දායකත්ව ධර්ම දේශනා: (+94)71 232 8887
සමාජ සත්කාර අංශය: (+94)71 437 1522
අධ්‍යාපන ශිෂ්‍යත්ව: (+94)71 232 8883
පිවිතුරු පැන් පූජා: (+94)70 643 2836
ශ්‍රද්ධා අභය දාන: (+94)70 643 2836
ශ්‍රද්ධා වෙබ් අඩවිය: (+94)71 775 47 37



",2012-09-30T21:09:51Z,LK,215483915,1190000,6450,2026-07-25 18:31:37.305947+00,2026-07-25 18:31:37.305947+00,Shraddha TV,27.0,UUu7cGbQEMgGk8TD0ZYucM5g,
UCuc40qp1ZKB_ZbDw9iml8Kg,Imsachin,"Hi friends, This channel Only to entertain you completely. Not to hurt anyone’s mind. Give as much support as well.

To talk to and any promotions with us😀:  📧kk8628229@gmail.com 
",2020-05-12T05:47:48.361322Z,LK,1628294566,2890000,727,2026-07-25 18:31:37.305947+00,2026-07-25 18:31:37.305947+00,Imsachin,22.0,UUuc40qp1ZKB_ZbDw9iml8Kg,
UCVmkgq5EQR_Dls3LG-wkrjw,GoThru 360 - Virtual Tours & Google Street View,"Hi, this is Alin, the GoThru developer! On this channel, I’ll show you how to use GoThru web platform, to create amazing virtual tours. I also review the latest 360 cameras and explain cool stuff about the 360° world. Whether you're a GoThru user or just love 360 photos and videos, you're in the right place!",2017-01-08T21:07:40Z,CA,428457,4030,145,2026-07-25 18:31:37.305947+00,2026-07-25 18:31:37.305947+00,GoThru 360 - Virtual Tours & Google Street View,28.0,UUVmkgq5EQR_Dls3LG-wkrjw,
UCvQoK_VN52NG9CwB7Tc9WZg,Maths Lesy,"Maths Lesy
චාණක්‍ය සර්ගේ පන්තියේ 6 වසර සිට 13 වසර දක්වා අපගේ දූ දරුවන්ට ඉගෙනගැනීමට‍ ඇති ගණිත විෂයය සරලව අපගේ දූ දරුවන් වෙත ගෙන ඒමට මෙමඟින් බලාපොරොත්තු වේ. සරල ගැටලුවේ සිට සංකීර්ණ ගැටලුව දක්වා දූ දරුවන්ව මනාව හසුරවමින් ඔබ‍ට දැනුම ලබාදීමට මෙම video පෙළ අපගේ දූ දරුවන්ට ඉවහල් වනු නොඅනුමානය. එබැවින් අප සමඟින් අත්වැල් බැඳ ගනිමින් ඔබගේ දැනුම මනාව මුවහත් කොට ඉහළ ඉලක්ක කරා ඔබ‍ට පිය මනින්නට ලැබේවා


https://www.facebook.com/danuka.chanakya.92
",2020-10-18T16:21:42.802232Z,LK,14219,1040,60,2026-07-25 18:31:37.305947+00,2026-07-25 18:31:37.305947+00,Maths Lesy,27.0,UUvQoK_VN52NG9CwB7Tc9WZg,
UCVwbUjoiTUXxeVjsxW9Kwng,Desawana Music,"Desawana Music is the best place to find popular SRI LANKAN MUSIC online.

Do you want your Music Video to be featured on the channel? Do you have any questions or requests?
Don't hesitate to Contact Us!

Email: contact@desawanamusic.com
Call: 077 9840660",2017-02-25T16:52:36Z,LK,492273624,1670000,596,2026-07-25 18:31:37.305947+00,2026-07-25 18:31:37.305947+00,Desawana Music,10.0,UUVwbUjoiTUXxeVjsxW9Kwng,
UCw7u6NM3AzfdAylSLIoLeOQ,Gaming with raviya,,2021-10-09T11:30:11.438376Z,LK,890,2,2,2026-07-25 18:31:37.305947+00,2026-07-25 18:31:37.305947+00,Gaming with raviya,22.0,UUw7u6NM3AzfdAylSLIoLeOQ,
UCwkHQPpM4IvsJZiIwW9_8Ng,RVA Sinhala,"VERITAS…is a word derived from the Latin language meaning truth.  This Latin word appears in mottos of many an educational institute.  The broadcasting station of Radio Veritas Asia is located in Quezon City, Philippines and was established to spread the Gospel of the Catholic Church and is also a ‘voice and channel’ of radio communication for the Catholic Church in Asia.",2017-06-30T09:31:28Z,LK,610739,5150,3535,2026-07-25 18:31:37.305947+00,2026-07-25 18:31:37.305947+00,RVA Sinhala,22.0,UUwkHQPpM4IvsJZiIwW9_8Ng,
UCwKYO2L9xzLtWhSv4ncYCIA,Nilame,"ආයුබෝවන් සියළුම දෙනාට 

""නිළමේ"" ශ්‍රී ලංකාවේ විශේෂිත දේවල් හොයාගෙනයන කෙනෙක්.අපේ රටේ තියෙන විශේෂිත තැන්, විශේෂිත දක්‍ෂතා/හැකියාවන් තිබෙන අය,අලුත් අලුත් දේ කරන අය ලෝකෙටම පෙන්නන්න අපි ඉදිරිපත් වෙනවා.ඔබත් සබ්ස්ක්‍රයිබ් කරලා එකතු වෙන්න නිළමේ එක්ක අලුත් විශේෂ ලාංකික අපේ දේවල් බලන්න.

Wellcome Everyone

""Nilame"" is a channel that always try to find new speciel places and speciel people in sri lanka, Speciely looking for Sri lanka Heritages and introduce them to the world.So join with us Subscribe now then you also can see the speciel things

- Nilame -",2019-04-21T04:18:30Z,LK,171198009,1750000,684,2026-07-25 18:31:37.305947+00,2026-07-25 18:31:37.305947+00,Nilame,22.0,UUwKYO2L9xzLtWhSv4ncYCIA,
UCWqN5l7FwMO6-gT8Dg9mx5A,Azeem Mohammed,pls like and subscribe ,2020-03-22T08:11:22.052331Z,Unknown,29192,116,243,2026-07-25 18:31:37.305947+00,2026-07-25 18:31:37.305947+00,Azeem Mohammed,22.0,UUWqN5l7FwMO6-gT8Dg9mx5A,
UCwXfRdTtVeVnXXF4poaYw0Q,Travel With Chatura,"Travel and Living මේ Travel with Chatura නිල PAGE 1යි, සංචාරයට කැමති ඔබ හැමෝමයි,රටට ආදරේ හැමෝමයි සාදරයෙන් පිලිගන්නෙමු.",2018-09-28T02:44:44Z,LK,44885200,432000,394,2026-07-25 18:31:37.305947+00,2026-07-25 18:31:37.305947+00,Travel With Chatura,19.0,UUwXfRdTtVeVnXXF4poaYw0Q,
UCYFn7BOOlmL21iNJ6q5IDfg,Lochi,This is the official YouTube channel of Lochana Jayakodi,2018-10-15T16:26:52Z,LK,732919283,2180000,403,2026-07-25 18:31:37.305947+00,2026-07-25 18:31:37.305947+00,Lochi,24.0,UUYFn7BOOlmL21iNJ6q5IDfg,
UCYG2PZN2DImFqoTcj983iqA,ThisumTheNerd,"Hello guys, this is Thisumthenerd.
Movies, edits and everything in between!
Videos about AI ranking, One piece and Everything to Blow your mind
",2020-05-01T06:45:15.451591Z,LK,459876,1320,232,2026-07-25 18:31:37.305947+00,2026-07-25 18:31:37.305947+00,ThisumTheNerd,24.0,UUYG2PZN2DImFqoTcj983iqA,
